id,slug,title,summary,content,image,date,author,category
1,digital-transformation-roadmap-5-steps,"Digital Transformation Roadmap: 5 Steps to Success","A comprehensive guide to planning and executing a successful digital transformation strategy.","# Digital Transformation Roadmap: 5 Steps to Success

Digital transformation is not just a buzzword; it's a necessity for survival in today's fast-paced market. However, without a clear roadmap, initiatives can easily go off track. Here are 5 essential steps to guide your journey.

## 1. Define Your Vision and Objectives
Before buying any technology, you must know *why* you are changing.
- What business problems are you solving?
- What is the desired customer experience?
- What are your growth targets?

## 2. Assess Current State
Understand your current capabilities, legacy systems, and culture.
- Conduct a technology audit.
- Assess skills gaps in your team.

## 3. Choose the Right Technology
Don't just chase trends. Select tools that align with your specific goals.
- Cloud platforms for scalability.
- AI for automation and insights.

## 4. Execute with Agility
Adopt an agile approach. Start small, test, learn, and scale.
- Break projects into manageable sprints.
- Encourage cross-functional collaboration.

## 5. Measure and Optimize
Digital transformation is an ongoing process.
- Track KPIs like ROI, customer satisfaction, and efficiency.
- Continuously iterate based on data.

[Image: https://images.unsplash.com/photo-1460925895917-afdab827c52f?q=80&w=2015&auto=format&fit=crop; Roadmap Planning]",https://images.unsplash.com/photo-1460925895917-afdab827c52f?q=80&w=2015&auto=format&fit=crop,2025-01-15,"Mind.Transform Team",Strategy
2,role-of-leadership-digital-transformation,"The Role of Leadership in Digital Transformation","Why strong leadership is the single most important factor in driving digital change.","# The Role of Leadership in Digital Transformation

Technology enables transformation, but *people* drive it. And people follow leaders.

## The CEO as Chief Transformation Officer
The CEO must own the vision. It cannot be delegated solely to the CIO or CTO. The entire C-suite must be aligned.

## Fostering a Culture of Innovation
Leaders must create an environment where:
- Failure is seen as a learning opportunity.
- Experimentation is encouraged.
- Silos are broken down.

## Communicating the ""Why""
Employees resist change when they don't understand the purpose. Leaders must constantly communicate the benefits of transformation for both the company and the individual.

[Image: https://images.unsplash.com/photo-1519389950473-47ba0277781c?q=80&w=2070&auto=format&fit=crop; Leadership Meeting]",https://images.unsplash.com/photo-1519389950473-47ba0277781c?q=80&w=2070&auto=format&fit=crop,2025-01-20,"Mind.Transform Team",Strategy
3,measuring-roi-digital-initiatives,"Measuring ROI of Digital Initiatives","How to quantify the value of your digital investments and justify the budget.","# Measuring ROI of Digital Initiatives

""Show me the money."" It's the question every board asks. Measuring the ROI of digital transformation can be tricky, but it's essential.

## Hard Metrics vs. Soft Metrics
**Hard Metrics:**
- Revenue growth from new digital channels.
- Cost savings from automation.
- Customer acquisition cost (CAC) reduction.

**Soft Metrics:**
- Employee satisfaction and retention.
- Brand reputation.
- Agility and speed to market.

## The Time Horizon
Digital ROI often takes time. Don't expect immediate payback. Set short-term milestones to track progress while keeping eyes on the long-term prize.

[Image: https://images.unsplash.com/photo-1551288049-bebda4e38f71?q=80&w=2070&auto=format&fit=crop; Data Analytics ROI]",https://images.unsplash.com/photo-1551288049-bebda4e38f71?q=80&w=2070&auto=format&fit=crop,2025-01-25,"Mind.Transform Team",Strategy
4,why-digital-transformations-fail,"Why Digital Transformations Fail (And How to Avoid It)","70% of digital transformations fail. Learn the common pitfalls and how to steer clear.","# Why Digital Transformations Fail

McKinsey estimates that 70% of digital transformations fail to reach their goals. Why?

## 1. Lack of Clear Strategy
Implementing tech for tech's sake is a recipe for disaster.

## 2. Resistance to Change
Culture eats strategy for breakfast. If your people aren't on board, your tools won't matter.

## 3. Siloed Data and Teams
Digital transformation requires connectivity. Silos block the flow of information and value.

## 4. Talent Gaps
You need the right skills—data science, UX, cloud architecture—to execute.

**The Fix:** Focus on people and process first, technology second.

[Image: https://images.unsplash.com/photo-1521737711867-e3b97375f902?q=80&w=1974&auto=format&fit=crop; Team Problem Solving]",https://images.unsplash.com/photo-1521737711867-e3b97375f902?q=80&w=1974&auto=format&fit=crop,2025-02-01,"Mind.Transform Team",Strategy
5,ai-in-business-beyond-hype,"AI in Business: Beyond the Hype","Practical applications of Artificial Intelligence that are driving real business value today.","# AI in Business: Beyond the Hype

AI is everywhere, but how are businesses actually using it?

## Customer Service
Chatbots and virtual assistants handle routine queries 24/7, freeing up humans for complex issues.

## Predictive Maintenance
In manufacturing, AI analyzes sensor data to predict equipment failures before they happen, saving millions.

## Personalized Marketing
Netflix and Amazon use AI to recommend products. You can too. AI analyzes customer behavior to deliver hyper-personalized offers.

## Fraud Detection
Banks use AI to spot suspicious patterns in real-time, protecting assets and customers.

[Image: https://images.unsplash.com/photo-1677442136019-21780ecad995?q=80&w=2070&auto=format&fit=crop; AI Brain]",https://images.unsplash.com/photo-1677442136019-21780ecad995?q=80&w=2070&auto=format&fit=crop,2025-02-05,"Mind.Transform Team",Technology
6,cloud-computing-trends-2025,"Cloud Computing Trends for 2025","What's next for the cloud? Edge computing, multi-cloud strategies, and serverless architectures.","# Cloud Computing Trends for 2025

The cloud is the foundation of digital transformation. Here's what's coming.

## 1. Multi-Cloud is the Norm
Companies are avoiding vendor lock-in by using AWS, Azure, and Google Cloud simultaneously.

## 2. Edge Computing
Processing data closer to the source (IoT devices) to reduce latency. Crucial for autonomous vehicles and real-time analytics.

## 3. Serverless Computing
Developers focus on code, not infrastructure. Pay only for the compute time you use.

## 4. Sustainable Cloud
Green cloud computing is becoming a priority as companies aim for net-zero.

[Image: https://images.unsplash.com/photo-1451187580459-43490279c0fa?q=80&w=2072&auto=format&fit=crop; Cloud Network]",https://images.unsplash.com/photo-1451187580459-43490279c0fa?q=80&w=2072&auto=format&fit=crop,2025-02-10,"Mind.Transform Team",Technology
7,agile-vs-waterfall,"Agile vs. Waterfall: Which is Right for You?","Comparing the two dominant project management methodologies for digital projects.","# Agile vs. Waterfall

## Waterfall
- **Linear**: Requirements -> Design -> Build -> Test -> Deploy.
- **Best for**: Projects with fixed requirements and low uncertainty (e.g., construction).
- **Pros**: Predictable timeline and budget.
- **Cons**: Inflexible to change.

## Agile
- **Iterative**: Build in small increments (sprints).
- **Best for**: Software development, digital products where needs evolve.
- **Pros**: Fast feedback, adaptable, customer-centric.
- **Cons**: Scope creep if not managed well.

**Verdict**: For digital transformation, Agile is almost always the winner.

[Image: https://images.unsplash.com/photo-1531403009284-440f080d1e12?q=80&w=2070&auto=format&fit=crop; Agile Board]",https://images.unsplash.com/photo-1531403009284-440f080d1e12?q=80&w=2070&auto=format&fit=crop,2025-02-15,"Mind.Transform Team",Methodology
8,big-data-analytics-insights,"Big Data Analytics: Turning Data into Insights","Data is the new oil, but only if you can refine it. How to build a data analytics capability.","# Big Data Analytics: Turning Data into Insights

Collecting data is easy. Using it is hard.

## The 4 Types of Analytics
1.  **Descriptive**: What happened? (Reports, Dashboards)
2.  **Diagnostic**: Why did it happen? (Drill-down analysis)
3.  **Predictive**: What will happen? (Forecasting, ML)
4.  **Prescriptive**: How can we make it happen? (Optimization)

## Building the Pipeline
You need a modern data stack:
- **Ingestion**: Fivetran, Airbyte.
- **Warehousing**: Snowflake, BigQuery.
- **Transformation**: dbt.
- **Visualization**: Tableau, PowerBI.

[Image: https://images.unsplash.com/photo-1551288049-bebda4e38f71?q=80&w=2070&auto=format&fit=crop; Data Visualization]",https://images.unsplash.com/photo-1551288049-bebda4e38f71?q=80&w=2070&auto=format&fit=crop,2025-02-20,"Mind.Transform Team",Data
9,iot-future-manufacturing,"IoT and the Future of Manufacturing","Industry 4.0 is here. How the Internet of Things is revolutionizing the factory floor.","# IoT and the Future of Manufacturing (Industry 4.0)

Smart factories are connected factories.

## Real-time Monitoring
Sensors track temperature, vibration, and speed. Managers can see the status of every machine on an iPad.

## Supply Chain Visibility
Track raw materials from the supplier to the warehouse to the production line.

## Safety
Wearable IoT devices monitor worker health and alert them to hazardous conditions.

[Image: https://images.unsplash.com/photo-1581091226825-a6a2a5aee158?q=80&w=2070&auto=format&fit=crop; Smart Factory]",https://images.unsplash.com/photo-1581091226825-a6a2a5aee158?q=80&w=2070&auto=format&fit=crop,2025-02-25,"Mind.Transform Team",Technology
10,design-thinking-customer-first,"Design Thinking: Putting the Customer First","A human-centered approach to innovation that solves real problems.","# Design Thinking

Stop guessing what customers want.

## The 5 Stages
1.  **Empathize**: Interview users, observe their behavior.
2.  **Define**: Clearly state the problem.
3.  **Ideate**: Brainstorm crazy solutions.
4.  **Prototype**: Build a rough version (paper, wireframe).
5.  **Test**: Get feedback and iterate.

Design thinking ensures you build the *right* thing before you build the thing *right*.

[Image: https://images.unsplash.com/photo-1531403009284-440f080d1e12?q=80&w=2070&auto=format&fit=crop; Design Workshop]",https://images.unsplash.com/photo-1531403009284-440f080d1e12?q=80&w=2070&auto=format&fit=crop,2025-03-01,"Mind.Transform Team",Methodology
11,devops-bridging-gap,"DevOps: Bridging the Gap Between Development and Operations","Accelerate software delivery with DevOps practices.","# DevOps: Bridging the Gap

DevOps is not a role; it's a culture.

## The Wall of Confusion
Traditionally, Devs want change (new features), and Ops want stability (no bugs). This conflict slows everything down.

## CI/CD
Continuous Integration and Continuous Deployment allow you to release code daily, not quarterly.

## Infrastructure as Code (IaC)
Managing servers with code (Terraform, Ansible) ensures consistency and speed.

[Image: https://images.unsplash.com/photo-1607799275518-d58665d099db?q=80&w=2070&auto=format&fit=crop; DevOps Loop]",https://images.unsplash.com/photo-1607799275518-d58665d099db?q=80&w=2070&auto=format&fit=crop,2025-03-05,"Mind.Transform Team",Methodology
12,lean-startup-enterprise,"Lean Startup Principles for Large Enterprises","How big companies can innovate like startups.","# Lean Startup for Enterprise

You don't need to be a garage startup to act like one.

## Build-Measure-Learn
The core feedback loop. Build a MVP, measure how customers use it, and learn whether to pivot or persevere.

## The MVP (Minimum Viable Product)
Don't build the Ferrari first. Build the skateboard. If people use it, add a handle (scooter), then an engine.

## Fail Fast
If an idea isn't working, kill it early before you spend millions.

[Image: https://images.unsplash.com/photo-1519389950473-47ba0277781c?q=80&w=2070&auto=format&fit=crop; Startup Brainstorm]",https://images.unsplash.com/photo-1519389950473-47ba0277781c?q=80&w=2070&auto=format&fit=crop,2025-03-10,"Mind.Transform Team",Methodology
13,scrum-basics-digital-teams,"Scrum Basics for Digital Teams","A primer on the most popular Agile framework.","# Scrum Basics

Scrum is a framework for getting work done.

## Roles
- **Product Owner**: Defines *what* to build (Voice of the customer).
- **Scrum Master**: Removes obstacles (Servant leader).
- **Team**: Builds the product.

## Artifacts
- **Backlog**: List of all work.
- **Sprint Backlog**: Work for this 2-week cycle.
- **Increment**: Working software at the end of the sprint.

## Events
- **Daily Standup**: 15 mins to sync.
- **Sprint Review**: Demo the work.
- **Retrospective**: How can we improve?

[Image: https://images.unsplash.com/photo-1552664730-d307ca884978?q=80&w=2070&auto=format&fit=crop; Scrum Board]",https://images.unsplash.com/photo-1552664730-d307ca884978?q=80&w=2070&auto=format&fit=crop,2025-03-15,"Mind.Transform Team",Methodology
14,building-data-driven-culture,"Building a Data-Driven Culture","It's not about the tools; it's about the mindset.","# Building a Data-Driven Culture

Buying Tableau doesn't make you data-driven.

## Democratize Data
Give everyone access to data, not just the analysts. Self-service analytics empowers the frontline.

## Data Literacy
Train your team to read and argue with data.

## Decision Making
Stop saying ""I think."" Start saying ""The data suggests."" Leaders must model this behavior.

[Image: https://images.unsplash.com/photo-1551288049-bebda4e38f71?q=80&w=2070&auto=format&fit=crop; Data Culture]",https://images.unsplash.com/photo-1551288049-bebda4e38f71?q=80&w=2070&auto=format&fit=crop,2025-03-20,"Mind.Transform Team",Data
15,importance-data-governance,"The Importance of Data Governance","Garbage in, garbage out. Ensuring your data is clean and secure.","# Data Governance

Data is an asset. Treat it like one.

## Data Quality
Ensure accuracy, completeness, and consistency. Bad data leads to bad decisions.

## Data Security
Who has access to what? Protect sensitive customer info.

## Compliance
GDPR, CCPA. Ignoring governance is a legal risk.

[Image: https://images.unsplash.com/photo-1504868584819-f8e8b4b6d7e3?q=80&w=2076&auto=format&fit=crop; Data Security]",https://images.unsplash.com/photo-1504868584819-f8e8b4b6d7e3?q=80&w=2076&auto=format&fit=crop,2025-03-25,"Mind.Transform Team",Data
16,predictive-analytics-forecasting,"Predictive Analytics: Forecasting the Future","Moving from hindsight to foresight.","# Predictive Analytics

Don't just look in the rearview mirror.

## Use Cases
- **Churn Prediction**: Which customers are about to leave?
- **Demand Forecasting**: How much inventory do we need next month?
- **Risk Assessment**: Is this loan applicant likely to default?

## The Tech
Requires historical data and machine learning algorithms (Regression, Random Forest, etc.).

[Image: https://images.unsplash.com/photo-1551288049-bebda4e38f71?q=80&w=2070&auto=format&fit=crop; Future Forecast]",https://images.unsplash.com/photo-1551288049-bebda4e38f71?q=80&w=2070&auto=format&fit=crop,2025-03-30,"Mind.Transform Team",Data
17,data-privacy-ethics,"Data Privacy and Ethics in the Digital Age","With great power comes great responsibility.","# Data Privacy and Ethics

Just because you *can* collect data, doesn't mean you *should*.

## Transparency
Be clear with users about what you collect and why.

## Consent
Get explicit permission.

## Bias in AI
Ensure your algorithms aren't discriminating against certain groups. Ethical AI is the new frontier.

[Image: https://images.unsplash.com/photo-1504868584819-f8e8b4b6d7e3?q=80&w=2076&auto=format&fit=crop; Privacy Lock]",https://images.unsplash.com/photo-1504868584819-f8e8b4b6d7e3?q=80&w=2076&auto=format&fit=crop,2025-04-05,"Mind.Transform Team",Data
18,blockchain-practical-applications,"Blockchain: Practical Applications for Enterprise","It's not just for crypto. Smart contracts and supply chain transparency.","# Blockchain for Enterprise

Beyond Bitcoin.

## Smart Contracts
Self-executing contracts with the terms directly written into code. Automates payments and compliance.

## Supply Chain
Track the provenance of goods (e.g., diamonds, food) to ensure authenticity and ethical sourcing.

## Identity Management
Secure, decentralized digital identities.

[Image: https://images.unsplash.com/photo-1639762681485-074b7f938ba0?q=80&w=2032&auto=format&fit=crop; Blockchain Blocks]",https://images.unsplash.com/photo-1639762681485-074b7f938ba0?q=80&w=2032&auto=format&fit=crop,2025-04-10,"Mind.Transform Team",Technology
19,cybersecurity-digital-age,"Cybersecurity in the Age of Digital Transformation","As you digitize, the attack surface grows. How to stay safe.","# Cybersecurity

Security cannot be an afterthought.

## Zero Trust Architecture
""Never trust, always verify."" Assume the network is already compromised.

## Phishing Awareness
The weakest link is often the human. Regular training is essential.

## Incident Response
It's not *if* you get hacked, but *when*. Have a plan to respond and recover quickly.

[Image: https://images.unsplash.com/photo-1563986768609-322da13575f3?q=80&w=1470&auto=format&fit=crop; Cyber Lock]",https://images.unsplash.com/photo-1563986768609-322da13575f3?q=80&w=1470&auto=format&fit=crop,2025-04-15,"Mind.Transform Team",Technology
20,digital-transformation-success-story,"Case Study: Retail Giant's Digital Turnaround","How a legacy retailer used omnichannel strategies to survive and thrive.","# Case Study: Retail Turnaround

## The Challenge
A 100-year-old retailer was losing market share to Amazon. Stores were empty, and the website was clunky.

## The Solution
- **Omnichannel**: Buy online, pick up in-store (BOPIS).
- **Mobile App**: Personalized loyalty rewards and in-store navigation.
- **Supply Chain**: RFID tags for real-time inventory accuracy.

## The Result
- Online sales grew 200%.
- Stock price tripled in 3 years.
- Customer satisfaction scores reached all-time highs.

*Proof that even elephants can learn to dance.*

[Image: https://images.unsplash.com/photo-1441986300917-64674bd600d8?q=80&w=2070&auto=format&fit=crop; Retail Store]",https://images.unsplash.com/photo-1441986300917-64674bd600d8?q=80&w=2070&auto=format&fit=crop,2025-04-20,"Mind.Transform Team",Case Study
